proposal_id,title,description,status,total_donations,created_at,proposer_id,round_id
9678aa31-c9d1-488e-a75d-cc40a1b4bc04,Proposal 1,Description for proposal 1,pending,0.00000000,2025-12-02 21:22:14.808874+04,193608b4-2f2a-487f-afc6-43913a08b450,210de42a-44fb-4fd7-8b6f-a1eb441e61d6
1f33734c-54d0-40b0-85f6-fa55c4dd6c97,Proposal 2,Description for proposal 2,approved,0.00000000,2025-12-02 21:22:14.809093+04,0f5f1d3d-d638-42e2-8be6-3e241f283daa,16466574-86ea-488f-b665-9d7ab7a4504c
9d496a90-c650-42b3-823a-27be5be5aac7,Proposal 3,Description for proposal 3,approved,0.00000000,2025-12-02 21:22:14.80929+04,a8c39bfb-7e4c-45b8-917e-34029f1f7ca0,6096f0f1-5009-41f2-9c71-ad53ca74c764
b99822be-e8e7-4abe-9352-c6b41785045a,Proposal 4,Description for proposal 4,approved,0.00000000,2025-12-02 21:22:14.809476+04,71fc9ae4-c8e2-46df-bae0-4c53dc71168c,210de42a-44fb-4fd7-8b6f-a1eb441e61d6
9d991a22-418b-4792-b692-1fe155775761,Proposal 5,Description for proposal 5,rejected,0.00000000,2025-12-02 21:22:14.809651+04,71fc9ae4-c8e2-46df-bae0-4c53dc71168c,6096f0f1-5009-41f2-9c71-ad53ca74c764
e8471d2b-8bc3-442b-8b9c-6858acd254ef,Proposal 6,Description for proposal 6,approved,0.00000000,2025-12-02 21:22:14.809823+04,0f5f1d3d-d638-42e2-8be6-3e241f283daa,6096f0f1-5009-41f2-9c71-ad53ca74c764
84ff3b0d-6d0a-41c0-b697-2d181ddf9aae,Proposal 7,Description for proposal 7,funded,0.00000000,2025-12-02 21:22:14.809995+04,59a192de-977f-4b99-9aa4-88c191b5fd51,df87fbaf-d025-4351-8644-49b1a88ead50
3398a848-d428-43ff-b88d-d99f98f78c9b,Proposal 8,Description for proposal 8,approved,0.00000000,2025-12-02 21:22:14.810154+04,02c3e5ef-73c8-466f-ada5-793f50ee8046,df87fbaf-d025-4351-8644-49b1a88ead50
ada9f2c0-dfcd-46fb-80dd-bc0e7820a6a1,Proposal 9,Description for proposal 9,approved,0.00000000,2025-12-02 21:22:14.81032+04,a8c39bfb-7e4c-45b8-917e-34029f1f7ca0,df87fbaf-d025-4351-8644-49b1a88ead50
aff393a0-cdf4-419b-9c24-95bbc84ff487,Proposal 10,Description for proposal 10,pending,0.00000000,2025-12-02 21:22:14.810477+04,7cbf338e-50e8-4283-a08c-0201d820252a,6096f0f1-5009-41f2-9c71-ad53ca74c764
25b03d56-28a6-4c6a-be82-ee222c4053ad,Proposal 11,Description for proposal 11,pending,0.00000000,2025-12-02 21:22:14.810633+04,cdd5ab21-a11b-4cad-b3f0-586899669f6f,16466574-86ea-488f-b665-9d7ab7a4504c
dbfc0265-a7ea-46a0-bd5d-c692724b7823,Proposal 12,Description for proposal 12,approved,0.00000000,2025-12-02 21:22:14.810787+04,6e6c6a30-96ab-4938-a42e-d4769d962f08,16466574-86ea-488f-b665-9d7ab7a4504c
93dbfcb0-0470-408c-97e2-ee5e07686971,Proposal 13,Description for proposal 13,approved,0.00000000,2025-12-02 21:22:14.811109+04,fd2b5903-44bd-41fd-a26c-a8bb81cd4dbf,210de42a-44fb-4fd7-8b6f-a1eb441e61d6
a2e28012-aa86-41d8-85fb-721f0c69059f,Proposal 14,Description for proposal 14,funded,0.00000000,2025-12-02 21:22:14.811266+04,f079b562-f71c-4a02-9a2d-aa86da90e3d6,df87fbaf-d025-4351-8644-49b1a88ead50
a92e4726-a206-4094-a7ac-48039d26c2d9,Proposal 15,Description for proposal 15,rejected,0.00000000,2025-12-02 21:22:14.81142+04,7cbf338e-50e8-4283-a08c-0201d820252a,6096f0f1-5009-41f2-9c71-ad53ca74c764
4728cf16-2000-4a9b-b2c4-8b505e59d0f3,Proposal 16,Description for proposal 16,funded,0.00000000,2025-12-02 21:22:14.811575+04,cdd5ab21-a11b-4cad-b3f0-586899669f6f,6096f0f1-5009-41f2-9c71-ad53ca74c764
ec31ea68-643a-4ee9-8996-ebe6808efc75,Proposal 17,Description for proposal 17,rejected,0.00000000,2025-12-02 21:22:14.811726+04,cdd5ab21-a11b-4cad-b3f0-586899669f6f,16466574-86ea-488f-b665-9d7ab7a4504c
3795216e-b840-4e10-b843-ab1b0fbda31e,Proposal 18,Description for proposal 18,approved,0.00000000,2025-12-02 21:22:14.811878+04,59a192de-977f-4b99-9aa4-88c191b5fd51,16466574-86ea-488f-b665-9d7ab7a4504c
fde4181d-e1a0-4f02-89bd-aeeecc2fc858,Proposal 19,Description for proposal 19,funded,0.00000000,2025-12-02 21:22:14.812034+04,16991a51-e937-4d98-8c60-9668f49afa00,16466574-86ea-488f-b665-9d7ab7a4504c
d59bcb69-29eb-4c4b-ad07-c648b3df9ca8,Proposal 20,Description for proposal 20,rejected,0.00000000,2025-12-02 21:22:14.812188+04,31777133-e122-4a89-9074-b8f6512c8671,16466574-86ea-488f-b665-9d7ab7a4504c
73663751-66d3-4433-acce-9641baa3191c,Proposal 21,Description for proposal 21,pending,0.00000000,2025-12-02 21:22:14.812338+04,1b5d3f71-36be-4b56-ae49-38e99be73bf6,16466574-86ea-488f-b665-9d7ab7a4504c
78a39ede-94f4-4131-8e0e-cd6dced1059e,Proposal 22,Description for proposal 22,rejected,0.00000000,2025-12-02 21:22:14.812705+04,0f5f1d3d-d638-42e2-8be6-3e241f283daa,210de42a-44fb-4fd7-8b6f-a1eb441e61d6
bf6df7bb-506a-400f-b907-e8f4f4f97807,Proposal 23,Description for proposal 23,approved,0.00000000,2025-12-02 21:22:14.812862+04,a8c39bfb-7e4c-45b8-917e-34029f1f7ca0,6096f0f1-5009-41f2-9c71-ad53ca74c764
d776969e-4e67-4283-8cad-24392de7e56c,Proposal 24,Description for proposal 24,rejected,0.00000000,2025-12-02 21:22:14.813011+04,12380bf9-59ed-47b7-a2f2-067203ab3e99,6096f0f1-5009-41f2-9c71-ad53ca74c764
4c73c3cb-5d1d-4916-84d5-791341654ad9,Proposal 25,Description for proposal 25,funded,0.00000000,2025-12-02 21:22:14.813163+04,4fc9fddd-7388-4421-adb1-32485d6eaf58,210de42a-44fb-4fd7-8b6f-a1eb441e61d6
ab71adcc-042d-4c08-b6b2-f4706630562d,Proposal 26,Description for proposal 26,pending,0.00000000,2025-12-02 21:22:14.813311+04,31777133-e122-4a89-9074-b8f6512c8671,9e757408-71c4-41e4-9031-f4b6106c8919
791c1a6a-efe2-462b-ae19-16ad13d23378,Proposal 27,Description for proposal 27,rejected,0.00000000,2025-12-02 21:22:14.813457+04,5ff54696-e58c-4765-bb33-5360fa2ed6eb,9e757408-71c4-41e4-9031-f4b6106c8919
d1c9cc05-2ad5-4b37-a437-7d48427cef7e,Proposal 28,Description for proposal 28,rejected,0.00000000,2025-12-02 21:22:14.813754+04,31777133-e122-4a89-9074-b8f6512c8671,df87fbaf-d025-4351-8644-49b1a88ead50
b49774c0-14c9-41b9-be18-5c58b2f77d0a,Proposal 29,Description for proposal 29,pending,0.00000000,2025-12-02 21:22:14.813939+04,1b5d3f71-36be-4b56-ae49-38e99be73bf6,df87fbaf-d025-4351-8644-49b1a88ead50
e9e4abbc-1f87-40b6-9f15-2f5c8adf6c38,Proposal 30,Description for proposal 30,approved,0.00000000,2025-12-02 21:22:14.814103+04,59a192de-977f-4b99-9aa4-88c191b5fd51,df87fbaf-d025-4351-8644-49b1a88ead50
26e009d4-b3b8-40c4-afdd-edb22cdf2a06,Proposal 1,Description for proposal 1,rejected,728.56000000,2025-12-02 21:25:01.177777+04,633b1dbb-3c04-4021-8ed3-3adbf3f71262,e89880bb-8570-4aea-9faf-2da912500228
e79ec8a4-aa85-4a9c-8eef-022652c1b9e9,Proposal 2,Description for proposal 2,rejected,606.91000000,2025-12-02 21:25:01.178227+04,26160885-0e8f-4818-97fc-62fdb14c06bb,55c96bdd-86c1-44bb-b90e-0f24306133d2
27158a41-eaa6-4309-b2e4-34469024c76d,Proposal 3,Description for proposal 3,rejected,439.09000000,2025-12-02 21:25:01.178409+04,81c71407-3660-4617-9e22-2f0bbfb89acb,bcfeb81b-b17e-47b1-ba23-4d62bb12a84e
fac25571-0bb4-4826-8217-1153c8657213,Proposal 4,Description for proposal 4,rejected,12.57000000,2025-12-02 21:25:01.178582+04,b5cdf886-b8fa-42c3-a2f0-cd1aaebb8722,9316e12d-6d77-47e2-9343-bdb79406157b
5eb91be7-760b-4b5e-8e0a-e03d14507128,Proposal 5,Description for proposal 5,funded,893.90000000,2025-12-02 21:25:01.178753+04,8d980f07-2304-4f04-b93e-52889ef82af3,bcfeb81b-b17e-47b1-ba23-4d62bb12a84e
bd78fb59-edf6-4529-a136-40888b87ee3f,Proposal 6,Description for proposal 6,funded,839.48000000,2025-12-02 21:25:01.17892+04,39f18ee0-de03-4484-ae97-129b4ed56df2,bcfeb81b-b17e-47b1-ba23-4d62bb12a84e
a16fcfee-fd47-4994-b853-003d7c05ac36,Proposal 7,Description for proposal 7,pending,363.56000000,2025-12-02 21:25:01.179089+04,9cf467f2-ddd5-489f-b9c9-3509ced7b458,bcfeb81b-b17e-47b1-ba23-4d62bb12a84e
bf6a99bb-221f-4b7a-9926-2dec719f39e4,Proposal 8,Description for proposal 8,approved,433.78000000,2025-12-02 21:25:01.179249+04,32d4b70a-86d9-44f9-8293-4b22d373b991,e89880bb-8570-4aea-9faf-2da912500228
c7723fe3-1235-4f2d-b62c-571b98aab3bd,Proposal 9,Description for proposal 9,rejected,181.04000000,2025-12-02 21:25:01.17941+04,6328e51a-4589-488f-8478-5bc11d9f8d58,35a6c982-5a5b-46d5-a907-56e143620d67
d2790f00-f9d0-46a2-9d97-f7d45853ce66,Proposal 10,Description for proposal 10,approved,799.97000000,2025-12-02 21:25:01.179573+04,8d980f07-2304-4f04-b93e-52889ef82af3,55c96bdd-86c1-44bb-b90e-0f24306133d2
9569da06-9ab8-4456-9db3-e95a8ede826a,Proposal 11,Description for proposal 11,approved,910.57000000,2025-12-02 21:25:01.179733+04,32d4b70a-86d9-44f9-8293-4b22d373b991,55c96bdd-86c1-44bb-b90e-0f24306133d2
a258c96f-273f-42f6-af42-49b58469d56e,Proposal 12,Description for proposal 12,approved,649.07000000,2025-12-02 21:25:01.179899+04,f4abe80d-0cca-436d-9e5b-483aa62384bb,e89880bb-8570-4aea-9faf-2da912500228
e397c762-33bc-4e5b-a846-1900060ca825,Proposal 13,Description for proposal 13,funded,369.03000000,2025-12-02 21:25:01.180061+04,9cf467f2-ddd5-489f-b9c9-3509ced7b458,e89880bb-8570-4aea-9faf-2da912500228
a4c2d1ce-244c-4260-99e4-b70b41f5c597,Proposal 14,Description for proposal 14,funded,786.95000000,2025-12-02 21:25:01.180219+04,7645dcba-523d-44d4-8d55-b93311636127,bcfeb81b-b17e-47b1-ba23-4d62bb12a84e
df3866fa-9247-43e2-8e8e-194fb01572a8,Proposal 15,Description for proposal 15,pending,200.77000000,2025-12-02 21:25:01.180378+04,81c71407-3660-4617-9e22-2f0bbfb89acb,bcfeb81b-b17e-47b1-ba23-4d62bb12a84e
3b2f6479-c803-470e-9805-defda3bf86b9,Proposal 16,Description for proposal 16,approved,250.42000000,2025-12-02 21:25:01.180537+04,7645dcba-523d-44d4-8d55-b93311636127,9316e12d-6d77-47e2-9343-bdb79406157b
a146e1b8-47e7-46b7-a721-4b8ef4ee3866,Proposal 17,Description for proposal 17,approved,969.91000000,2025-12-02 21:25:01.180693+04,32d4b70a-86d9-44f9-8293-4b22d373b991,9316e12d-6d77-47e2-9343-bdb79406157b
b57c2f13-a702-4a80-a15d-e4f065834f6d,Proposal 18,Description for proposal 18,approved,156.58000000,2025-12-02 21:25:01.180858+04,7645dcba-523d-44d4-8d55-b93311636127,35a6c982-5a5b-46d5-a907-56e143620d67
f1e324e7-91d2-49af-a726-765ecc1b874b,Proposal 19,Description for proposal 19,pending,868.39000000,2025-12-02 21:25:01.181009+04,9b41ee75-adbb-489c-8c06-97c5735ee875,9316e12d-6d77-47e2-9343-bdb79406157b
5f842497-6330-44c3-a73d-76ae5b9f5fa0,Proposal 20,Description for proposal 20,approved,304.23000000,2025-12-02 21:25:01.18116+04,d5aa8235-3708-4dfb-bea4-32461377cc34,9316e12d-6d77-47e2-9343-bdb79406157b
b347046b-1847-45a6-870c-26a61beb2ebb,Proposal 21,Description for proposal 21,pending,62.52000000,2025-12-02 21:25:01.181316+04,6328e51a-4589-488f-8478-5bc11d9f8d58,e89880bb-8570-4aea-9faf-2da912500228
a923d59c-684b-410b-ac0f-bbd0ff7fbc2b,Proposal 22,Description for proposal 22,rejected,357.56000000,2025-12-02 21:25:01.181469+04,05d0629e-2fca-47b7-a915-a7050f46621b,bcfeb81b-b17e-47b1-ba23-4d62bb12a84e
5a4a58fa-df69-443b-8b2d-3b9fc47cee12,Proposal 23,Description for proposal 23,funded,470.31000000,2025-12-02 21:25:01.181623+04,76a4116a-f402-4330-a9bd-fa954ec88ba0,55c96bdd-86c1-44bb-b90e-0f24306133d2
00b220aa-318d-414f-8b3b-bb5ddd67d4e7,Proposal 24,Description for proposal 24,pending,922.23000000,2025-12-02 21:25:01.181776+04,82e64c86-6974-493a-8f92-0fb19b3b9f91,9316e12d-6d77-47e2-9343-bdb79406157b
1dd9e485-066c-49be-b310-ffb3331997f3,Proposal 25,Description for proposal 25,pending,786.84000000,2025-12-02 21:25:01.182064+04,7645dcba-523d-44d4-8d55-b93311636127,35a6c982-5a5b-46d5-a907-56e143620d67
7b7f8ef2-63e7-4ea6-8b1d-fc6a3c0f9f22,Proposal 26,Description for proposal 26,approved,253.56000000,2025-12-02 21:25:01.182219+04,6328e51a-4589-488f-8478-5bc11d9f8d58,9316e12d-6d77-47e2-9343-bdb79406157b
fcf4e0b1-7b73-4bf5-b754-e98f125cc52c,Proposal 27,Description for proposal 27,rejected,627.81000000,2025-12-02 21:25:01.182371+04,32d4b70a-86d9-44f9-8293-4b22d373b991,9316e12d-6d77-47e2-9343-bdb79406157b
976c0777-1964-42da-8cd4-f50356392eca,Proposal 28,Description for proposal 28,rejected,340.96000000,2025-12-02 21:25:01.182521+04,76a4116a-f402-4330-a9bd-fa954ec88ba0,55c96bdd-86c1-44bb-b90e-0f24306133d2
9e2e6b5a-7ff7-4f3d-b2ca-0e7904ed7db1,Proposal 29,Description for proposal 29,funded,616.39000000,2025-12-02 21:25:01.182674+04,d5aa8235-3708-4dfb-bea4-32461377cc34,9316e12d-6d77-47e2-9343-bdb79406157b
4f3ecc8a-2249-4097-b584-aa3dc68cf38d,Proposal 30,Description for proposal 30,funded,737.89000000,2025-12-02 21:25:01.182826+04,54e9fab4-d6bd-477b-8a8a-2b28126b7bfc,55c96bdd-86c1-44bb-b90e-0f24306133d2
af0ea805-e7c0-461f-a29d-81be2239ae30,Proposal 31,Description for proposal 31,approved,33.72000000,2025-12-02 21:25:01.182967+04,32c31985-501f-482d-b583-82ff39c7bd94,e89880bb-8570-4aea-9faf-2da912500228
a633c34e-3c8d-4404-900c-6aa9fed5e26a,Proposal 32,Description for proposal 32,approved,715.79000000,2025-12-02 21:25:01.183108+04,9b41ee75-adbb-489c-8c06-97c5735ee875,bcfeb81b-b17e-47b1-ba23-4d62bb12a84e
ab77f481-e0bc-4465-974f-6452dd49e4d5,Proposal 33,Description for proposal 33,rejected,995.51000000,2025-12-02 21:25:01.183252+04,54e9fab4-d6bd-477b-8a8a-2b28126b7bfc,e89880bb-8570-4aea-9faf-2da912500228
1a782e94-65e3-4d2d-b713-7fe4550e925f,Proposal 34,Description for proposal 34,pending,506.53000000,2025-12-02 21:25:01.183394+04,81c71407-3660-4617-9e22-2f0bbfb89acb,e89880bb-8570-4aea-9faf-2da912500228
fc1f08ce-db6e-4017-a0b3-004a5a22276e,Proposal 35,Description for proposal 35,rejected,382.53000000,2025-12-02 21:25:01.183541+04,11e1ee5d-af3a-4cbb-8872-de7402fdfcd4,e89880bb-8570-4aea-9faf-2da912500228
06921a5c-574a-414a-abec-7674b0563a2f,Proposal 36,Description for proposal 36,rejected,181.40000000,2025-12-02 21:25:01.183685+04,868acef0-6a44-4df8-a56e-7387886c8d55,55c96bdd-86c1-44bb-b90e-0f24306133d2
1d7a6714-eb6d-4a1c-a289-6794c0464c22,Proposal 37,Description for proposal 37,pending,707.98000000,2025-12-02 21:25:01.183835+04,54e9fab4-d6bd-477b-8a8a-2b28126b7bfc,9316e12d-6d77-47e2-9343-bdb79406157b
bc209bb7-b58e-4700-8892-1844fc2a40a7,Proposal 38,Description for proposal 38,approved,187.37000000,2025-12-02 21:25:01.183982+04,26160885-0e8f-4818-97fc-62fdb14c06bb,35a6c982-5a5b-46d5-a907-56e143620d67
979eb2d6-5f7f-490c-b924-5fa866fc3fee,Proposal 39,Description for proposal 39,rejected,751.42000000,2025-12-02 21:25:01.18413+04,f4abe80d-0cca-436d-9e5b-483aa62384bb,35a6c982-5a5b-46d5-a907-56e143620d67
243ec0f0-3604-4615-84af-1ad9f14ef312,Proposal 40,Description for proposal 40,rejected,853.24000000,2025-12-02 21:25:01.184274+04,ef5b1de2-1f21-4115-a310-51656a85790e,e89880bb-8570-4aea-9faf-2da912500228
ad55b259-4324-48e7-9aa2-e7e8b1469593,Able start policy because whole.,Consumer space officer government free husband sometimes. Effort bring claim chair site focus. Feeling model citizen structure exactly your road.,approved,4572.79605536,2025-12-02 21:44:46.637272+04,f7b36bc7-d94c-4c7d-83c9-d5bc75dc5ced,a5ce48f0-1afe-4354-acee-8cf88d0bed13
7a3ea59f-2771-4f91-a230-433792f01bf0,Leave drive whatever figure back their.,Build memory concern another number day control.,pending,101.17638723,2025-12-02 21:44:46.63788+04,a31a49c3-280b-408e-8116-027a638f5a22,488cd1f6-bd4f-4a6e-941e-1c588010b991
9d7d6de2-71d2-413b-9743-41ee00a2e44a,Now door true agent reality cell although.,Develop suffer later change discussion talk establish. Remember board clearly.,approved,380.31024431,2025-12-02 21:44:46.638101+04,1425aa58-aff5-4ed7-a454-7fcac7a47f43,488cd1f6-bd4f-4a6e-941e-1c588010b991
79f49ee4-bfd9-4805-b125-8e80111dba1e,Face administration people peace forward moment his.,Place reflect career detail east space statement. Also child everyone win. Share foreign force everybody blood.,pending,3882.63998367,2025-12-02 21:44:46.638305+04,31e6d727-17fa-4408-b4c2-4bf880d01876,a5ce48f0-1afe-4354-acee-8cf88d0bed13
8f6718f7-543f-4b6f-8f1b-a31c6e713f3c,Writer all dream develop size require box.,Have chair state son operation itself goal. Understand newspaper number play. Wife Democrat concern mission six manager door.,approved,4442.14451893,2025-12-02 21:44:46.638503+04,31e6d727-17fa-4408-b4c2-4bf880d01876,55c92e03-0591-49d3-a0f0-16e237a332fd
14db054b-b901-4b5d-9fe4-b5a5cbd5be06,There amount nature effect staff.,Arm alone record must suffer. Onto necessary marriage east drive.,approved,2349.72408494,2025-12-02 21:44:46.638972+04,b1475c81-6a0c-44c8-bb4f-8cc3b84ec413,55c92e03-0591-49d3-a0f0-16e237a332fd
045ff61d-c031-4f6b-a8e0-1e141f0ee938,Popular economy decision cover social.,Organization attention challenge audience run if.,approved,368.28661932,2025-12-02 21:44:46.639157+04,301f6484-137b-4c8a-a80f-4bad0c31fbbc,58401630-8233-4b24-8e2c-c73694f0377b
6bf9a411-33bf-4890-9d6c-7895bf044290,Century positive future church huge this.,Type control worker military prove class. End family key arrive him design. Woman fill start several actually dream eat.,funded,529.90279911,2025-12-02 21:44:46.639336+04,b3732da3-2b96-448f-83e0-08fcdd6b7323,a5ce48f0-1afe-4354-acee-8cf88d0bed13
7abe12e3-822d-4715-bc51-8ec6fd3ff80d,Interest realize serious minute receive.,Catch role else talk sport we way. Manager put clearly argue us threat hour. Economy agent son.,rejected,543.26012407,2025-12-02 21:44:46.639521+04,c7fe865c-9939-4d25-886e-5f2d068e6de4,488cd1f6-bd4f-4a6e-941e-1c588010b991
b8914621-a6e0-458d-97c8-1cc7bb712085,Expect save full size.,Inside throughout no bank PM game. Onto forward administration collection.,funded,4572.72052234,2025-12-02 21:44:46.639692+04,f8ca4681-a60f-493b-80dc-5699e77302a9,7a4afc94-9d7f-46bc-b7ac-51d84a5048bb
032edc0c-774d-4ad8-852f-26234f9d7aa3,Or throw area mission paper.,Middle music public show. Environment four production successful father these continue require.,rejected,4580.46546261,2025-12-02 21:44:46.639859+04,31e6d727-17fa-4408-b4c2-4bf880d01876,58401630-8233-4b24-8e2c-c73694f0377b
80eb17f0-6297-4494-a473-f1850087ba87,Travel list course management add later interview.,Let position each rich direction. Where Congress four sort wish.,rejected,4627.09833704,2025-12-02 21:44:46.640036+04,bb664472-d1a0-4cad-86a9-939034ec754b,7a4afc94-9d7f-46bc-b7ac-51d84a5048bb
acc6ed8f-d81e-42de-b4db-bbfdf45682ec,Political add southern TV mother produce animal throw.,One natural whose admit. Ball break shoulder lead game perform.,approved,4274.87806873,2025-12-02 21:44:46.640206+04,1425aa58-aff5-4ed7-a454-7fcac7a47f43,488cd1f6-bd4f-4a6e-941e-1c588010b991
8d0daec9-e0e6-46a6-9500-8bd5a5fcf206,Offer make fear part point.,Within claim arrive bad say community. Positive mouth such game.,rejected,1468.01236274,2025-12-02 21:44:46.640377+04,b3732da3-2b96-448f-83e0-08fcdd6b7323,15808a08-6f32-4da1-9356-462f1cfa2525
4fa869ee-9174-4454-91f6-5948286badf6,Again north step make.,Discussion table piece once process individual hold. Remember field term son listen. Tonight recognize send affect tree heavy popular. Consumer on kind couple then.,approved,2055.94107894,2025-12-02 21:44:46.640562+04,b3732da3-2b96-448f-83e0-08fcdd6b7323,58401630-8233-4b24-8e2c-c73694f0377b
81e046fb-79d1-467c-8a28-493a49296de9,Evening yet strategy.,Expert south reason sound where scene wear. Sort attorney modern white risk activity national.,funded,1724.79408160,2025-12-02 21:44:46.64073+04,f8ca4681-a60f-493b-80dc-5699e77302a9,15808a08-6f32-4da1-9356-462f1cfa2525
a9547d9f-73e9-4cc8-9bae-17ed15f03dde,Face will listen network through because experience.,Key better stand produce. Able professional law specific security.,pending,2604.26485099,2025-12-02 21:44:46.640898+04,c7fe865c-9939-4d25-886e-5f2d068e6de4,488cd1f6-bd4f-4a6e-941e-1c588010b991
1e30bd50-c307-4079-ace3-ec42a957372f,Practice address couple memory recently energy man light.,Think suddenly push make laugh through sing.,approved,4126.57616097,2025-12-02 21:44:46.641066+04,1184f41e-c73b-4e35-b60e-6a21c32d83d4,15d7b864-c257-453f-a683-ee719a5a1c67
8ace70b8-6053-475d-b1ae-7ae0ec07d157,About war reality sell position idea body at.,Mother behavior task wall might Congress. Your a list. Describe into full. Long friend can bank take son try next.,rejected,4254.37273106,2025-12-02 21:44:46.641225+04,c7fe865c-9939-4d25-886e-5f2d068e6de4,58401630-8233-4b24-8e2c-c73694f0377b
75e8ce02-cdcd-48d6-907e-a7c5958a8e55,Avoid finish which agency.,Debate exist authority beyond interesting growth. Blue strong television trouble. Respond feeling foot sure physical though.,pending,757.04043607,2025-12-02 21:44:46.641383+04,f7b36bc7-d94c-4c7d-83c9-d5bc75dc5ced,7a4afc94-9d7f-46bc-b7ac-51d84a5048bb
